<?xml version="1.0" encoding="UTF-8"?>
<rss version="2.0" xmlns:ror="http://rorweb.com/0.1/" >
<channel>
  <title>ROR Sitemap for https://www.mfathiabdallah.com/</title>
  <link>https://www.mfathiabdallah.com/</link>

<item>
     <link>https://www.mfathiabdallah.com/</link>
     <title>Mohamed Fathi Abdallah</title>
     <description>Mohamed Fathi Abdallah</description>
     <ror:updatePeriod></ror:updatePeriod>
     <ror:sortOrder>0</ror:sortOrder>
     <ror:resourceOf>sitemap</ror:resourceOf>
</item>
<item>
     <link>https://www.mfathiabdallah.com/publications/</link>
     <title> | Mohamed Fathi Abdallah</title>
     <description> | Mohamed Fathi Abdallah</description>
     <ror:updatePeriod></ror:updatePeriod>
     <ror:sortOrder>1</ror:sortOrder>
     <ror:resourceOf>sitemap</ror:resourceOf>
</item>
<item>
     <link>https://www.mfathiabdallah.com/more_about_me/</link>
     <title> | Mohamed Fathi Abdallah</title>
     <description> | Mohamed Fathi Abdallah</description>
     <ror:updatePeriod></ror:updatePeriod>
     <ror:sortOrder>1</ror:sortOrder>
     <ror:resourceOf>sitemap</ror:resourceOf>
</item>
<item>
     <link>https://www.mfathiabdallah.com/blogs/</link>
     <title>blogs | Mohamed Fathi Abdallah</title>
     <description>blogs | Mohamed Fathi Abdallah</description>
     <ror:updatePeriod></ror:updatePeriod>
     <ror:sortOrder>1</ror:sortOrder>
     <ror:resourceOf>sitemap</ror:resourceOf>
</item>
<item>
     <link>https://www.mfathiabdallah.com/contact/</link>
     <title> | Mohamed Fathi Abdallah</title>
     <description> | Mohamed Fathi Abdallah</description>
     <ror:updatePeriod></ror:updatePeriod>
     <ror:sortOrder>1</ror:sortOrder>
     <ror:resourceOf>sitemap</ror:resourceOf>
</item>
<item>
     <link>https://www.mfathiabdallah.com/Mycotoxin-contamination_review_Arab/</link>
     <title>Mycotoxin contamination in the Arab world is now online at Mycotoxin Research Journal website | Mohamed Fathi Abdallah</title>
     <description>Mycotoxin contamination in the Arab world is now online at Mycotoxin Research Journal website | Mohamed Fathi Abdallah</description>
     <ror:updatePeriod></ror:updatePeriod>
     <ror:sortOrder>1</ror:sortOrder>
     <ror:resourceOf>sitemap</ror:resourceOf>
</item>
<item>
     <link>https://www.mfathiabdallah.com/Data-Managment/</link>
     <title>Data Management Plan Lecture | Mohamed Fathi Abdallah</title>
     <description>Data Management Plan Lecture | Mohamed Fathi Abdallah</description>
     <ror:updatePeriod></ror:updatePeriod>
     <ror:sortOrder>1</ror:sortOrder>
     <ror:resourceOf>sitemap</ror:resourceOf>
</item>
<item>
     <link>https://www.mfathiabdallah.com/GFoRSS/</link>
     <title> Accepted member at the Global Food Regulatory Science Society (GFoRSS) | Mohamed Fathi Abdallah</title>
     <description> Accepted member at the Global Food Regulatory Science Society (GFoRSS) | Mohamed Fathi Abdallah</description>
     <ror:updatePeriod></ror:updatePeriod>
     <ror:sortOrder>1</ror:sortOrder>
     <ror:resourceOf>sitemap</ror:resourceOf>
</item>
<item>
     <link>https://www.mfathiabdallah.com/imptox_interview/</link>
     <title>Interview with Imptox Young Researchers: Dr. Mohamed Fathi Abdallah | Mohamed Fathi Abdallah</title>
     <description>Interview with Imptox Young Researchers: Dr. Mohamed Fathi Abdallah | Mohamed Fathi Abdallah</description>
     <ror:updatePeriod></ror:updatePeriod>
     <ror:sortOrder>1</ror:sortOrder>
     <ror:resourceOf>sitemap</ror:resourceOf>
</item>
<item>
     <link>https://www.mfathiabdallah.com/imptox1/</link>
     <title>Have you ever wondered who are the Imptox young researchers? | Mohamed Fathi Abdallah</title>
     <description>Have you ever wondered who are the Imptox young researchers? | Mohamed Fathi Abdallah</description>
     <ror:updatePeriod></ror:updatePeriod>
     <ror:sortOrder>1</ror:sortOrder>
     <ror:resourceOf>sitemap</ror:resourceOf>
</item>
<item>
     <link>https://www.mfathiabdallah.com/CV_MFA_April2024.pdf</link>
     <title></title>
     
     <ror:updatePeriod></ror:updatePeriod>
     <ror:sortOrder>2</ror:sortOrder>
     <ror:resourceOf>sitemap</ror:resourceOf>
</item>
<item>
     <link>https://www.mfathiabdallah.com/Mycotoxins-Arab/</link>
     <title>Mycotoxin contamination in the Arab world will be presented at the 44th Mycotoxin-Workshop in Celle (at Hannover), Germany | Mohamed Fathi Abdallah</title>
     <description>Mycotoxin contamination in the Arab world will be presented at the 44th Mycotoxin-Workshop in Celle (at Hannover), Germany | Mohamed Fathi Abdallah</description>
     <ror:updatePeriod></ror:updatePeriod>
     <ror:sortOrder>2</ror:sortOrder>
     <ror:resourceOf>sitemap</ror:resourceOf>
</item>
<item>
     <link>https://www.mfathiabdallah.com/Graduation-dr-Chen/</link>
     <title>Ms. Xiangrong Chen&amp;#39;s public doctoral defense at UGENT | Mohamed Fathi Abdallah</title>
     <description>Ms. Xiangrong Chen&amp;#39;s public doctoral defense at UGENT | Mohamed Fathi Abdallah</description>
     <ror:updatePeriod></ror:updatePeriod>
     <ror:sortOrder>2</ror:sortOrder>
     <ror:resourceOf>sitemap</ror:resourceOf>
</item>
<item>
     <link>https://www.mfathiabdallah.com/SI_toxins/</link>
     <title>Special Issue: Current Research on Mycotoxins in Food and Feed: From Detection and Unravelling of Toxicity to Control | Mohamed Fathi Abdallah</title>
     <description>Special Issue: Current Research on Mycotoxins in Food and Feed: From Detection and Unravelling of Toxicity to Control | Mohamed Fathi Abdallah</description>
     <ror:updatePeriod></ror:updatePeriod>
     <ror:sortOrder>2</ror:sortOrder>
     <ror:resourceOf>sitemap</ror:resourceOf>
</item>
<item>
     <link>https://www.mfathiabdallah.com/From-PhDtoSME/</link>
     <title>From PhD to SME, a one-year leadership program | Mohamed Fathi Abdallah</title>
     <description>From PhD to SME, a one-year leadership program | Mohamed Fathi Abdallah</description>
     <ror:updatePeriod></ror:updatePeriod>
     <ror:sortOrder>2</ror:sortOrder>
     <ror:resourceOf>sitemap</ror:resourceOf>
</item>
<item>
     <link>https://www.mfathiabdallah.com/advanced-Scholars/</link>
     <title>Carcinogenic mycotoxins: From Farm to Fork (webinar in Arabic) | Mohamed Fathi Abdallah</title>
     <description>Carcinogenic mycotoxins: From Farm to Fork (webinar in Arabic) | Mohamed Fathi Abdallah</description>
     <ror:updatePeriod></ror:updatePeriod>
     <ror:sortOrder>2</ror:sortOrder>
     <ror:resourceOf>sitemap</ror:resourceOf>
</item>
<item>
     <link>https://www.mfathiabdallah.com/Graduation-masters/</link>
     <title>Two Master&amp;#39;s students gratduated from our lab | Mohamed Fathi Abdallah</title>
     <description>Two Master&amp;#39;s students gratduated from our lab | Mohamed Fathi Abdallah</description>
     <ror:updatePeriod></ror:updatePeriod>
     <ror:sortOrder>2</ror:sortOrder>
     <ror:resourceOf>sitemap</ror:resourceOf>
</item>
<item>
     <link>https://www.mfathiabdallah.com/SI_froniters/</link>
     <title>Special Issue: Environmental Contaminants and Animal Health: Analysis, Toxicity, and Mitigation | Mohamed Fathi Abdallah</title>
     <description>Special Issue: Environmental Contaminants and Animal Health: Analysis, Toxicity, and Mitigation | Mohamed Fathi Abdallah</description>
     <ror:updatePeriod></ror:updatePeriod>
     <ror:sortOrder>2</ror:sortOrder>
     <ror:resourceOf>sitemap</ror:resourceOf>
</item>
</channel>
</rss>
  